#T(K)	P(Pa)    rhol(kg/m3)  rhov(kg/m3)
476.14,	8.33E+03, 717.5225, 4.765e-1
481.14,	9.81E+03, 713.4747, 5.569e-1
486.14,	1.15E+04, 709.403, 6.483e-1
491.14,	1.34E+04, 705.3065, 7.517e-1
496.14,	1.56E+04, 701.1841, 8.684e-1
501.14,	1.81E+04, 697.035, 9.996e-1
506.14,	2.09E+04, 692.8582, 1.1466
511.14,	2.40E+04, 688.6525, 1.311
516.14,	2.75E+04, 684.4168, 1.4943
521.14,	3.15E+04, 680.1498, 1.698
526.14,	3.58E+04, 675.8504, 1.9238
531.14,	4.07E+04, 671.5172, 2.1737
536.14,	4.60E+04, 667.1487, 2.4495
541.14,	5.19E+04, 662.7434, 2.7532
546.14,	5.85E+04, 658.2996, 3.0871
551.14,	6.56E+04, 653.8157, 3.4533
556.14,	7.35E+04, 649.2897, 3.8544
561.14,	8.20E+04, 644.7197, 4.2929
566.14,	9.14E+04, 640.1036, 4.7716
